ID,Title,Content,Category
1,AI and Machine Learning Basics,Tips for effective JavaScript coding.,programming
2,JavaScript Tips and Tricks,Beginner guide to Python.,programming
3,Winning Strategies in Sports,History and evolution of football.,sports
4,Exploring Shakespeare's Plays,Exploring writing styles in literature.,literature
5,Famous Novels of the 20th Century,Literature's role in shaping societies.,literature
6,Olympic Heroes: A Retrospective,Review of sports records broken this year.,sports
7,The Impact of Literature on Society,Exploring writing styles in literature.,literature
8,Modern Poetry Analysis,Literature's role in shaping societies.,literature
9,The Future of Web Development,Trends in web development.,programming
10,The Evolution of Football,Review of sports records broken this year.,sports
11,The Psychology of Winning,History and evolution of football.,sports
12,Understanding Data Structures,Basics of AI and ML.,programming
13,Breaking Records: A Year in Review,Profiles of Olympic athletes.,sports
14,JavaScript Tips and Tricks,Basics of AI and ML.,programming
15,Introduction to Python,Beginner guide to Python.,programming
16,AI and Machine Learning Basics,Basics of AI and ML.,programming
17,Famous Novels of the 20th Century,Analysis of Shakespeare's works.,literature
18,Exploring Shakespeare's Plays,Literature's role in shaping societies.,literature
19,Modern Poetry Analysis,Exploring writing styles in literature.,literature
20,The Impact of Literature on Society,Analysis of Shakespeare's works.,literature
21,Winning Strategies in Sports,Psychological aspects of sports competition.,sports
22,JavaScript Tips and Tricks,Tips for effective JavaScript coding.,programming
23,The Future of Web Development,Beginner guide to Python.,programming
24,Understanding Data Structures,Deep dive into data structures.,programming
25,Breaking Records: A Year in Review,Psychological aspects of sports competition.,sports